user_name;hour;timezone
jlong"";"23";"-5"
patrickkettner"";"0";"-5"
FeeJai"";"11";"1"
fzaninotto"";"22";"1"
ieure"";"10";"-8"
trustin"";"18";"9"
apneadiving"";"13";"None"
kusor"";"17";"1"
brianmario"";"15";"-8"
danielmorrison"";"10";"-5"
sbeagley"";"15";"None"
subwindow"";"11";"-5"
svenfuchs"";"16";"1"
lloydwatkin"";"14";"0"
ForbesLindesay"";"9";"None"
jaredmorrow"";"15";"-7"
arthurzurb"";"11";"None"
danrice-square"";"13";"-5"
sampage"";"14";"10"
enjalot"";"23";"-8"
dfens"";"16";"1"
chrisbanes"";"8";"0"
grpaul"";"18";"-8"
neerajdotname"";"15";"-5"
methane"";"2";"9"
DataTables"";"1";"None"
aldomatic"";"12";"-6"
james2m"";"18";"0"
Synchro"";"9";"1"
jackmoore"";"12";"-5"
trogdoro"";"15";"None"
neatonk"";"11";"-6"
tonymcbeth"";"3";"None"
alindeman"";"21";"-5"
vojtajina"";"15";"-8"
adamlogic"";"8";"-5"
chriseppstein"";"13";"-8"
aaronblohowiak"";"10";"-8"
mpeltonen"";"14";"2"
chrisk"";"3";"-8"
macournoyer"";"10";"-5"
chriso"";"10";"10"
mbabker"";"18";"-6"
kormoc"";"21";"-8"
mingflifb"";"10";"None"
kchmck"";"14";"-5"
acaudwell"";"15";"12"
alexanderdickson"";"16";"10"
shepheb"";"11";"-5"
mbadolato"";"12";"-7"
manifestinteractive"";"0";"-5"
mjankowski"";"11";"-5"
mikedewar"";"10";"-5"
mitsuhiko"";"12";"0"
sorin-ionescu"";"11";"None"
sjl"";"11";"-5"
davebalmer"";"18";"-7"
hakimel"";"15";"1"
cldwalker"";"8";"-5"
abramsm"";"5";"None"
eczarny"";"21";"-5"
einars"";"23";"2"
Watson1978"";"0";"9"
TrevorBramble"";"23";"-8"
mage2-team"";"11";"None"
shadowhand"";"11";"-6"
rismoney"";"7";"None"
PGGB"";"9";"None"
johndyer"";"15";"-6"
liftoff"";"21";"-5"
sigurdga"";"15";"1"
DamianEdwards"";"17";"-8"
guilhermef"";"10";"-4"
niik"";"0";"1"
bitprophet"";"16";"-8"
Swaagie"";"15";"1"
Kobolog"";"22";"3"
schaermu"";"15";"1"
dcneiner"";"21";"-6"
joshthecoder"";"16";"-8"
rauhryan"";"14";"-6"
eventualbuddha"";"9";"-8"
dctrwatson"";"12";"-8"
nicklockwood"";"10";"0"
kmdavis"";"10";"-5"
thefosk"";"12";"-8"
kgn"";"15";"-8"
petdance"";"23";"-6"
AlanQuatermain"";"16";"-5"
TimCinel"";"17";"None"
aheckmann"";"15";"-8"
dodo"";"12";"None"
mattwynne"";"22";"0"
ecdavis"";"0";"-8"
tnm"";"23";"-8"
endor"";"16";"1"
mtougeron"";"9";"-8"
boourns"";"17";"-5"
pforhan"";"7";"None"
hybridauth"";"8";"1"
voxdolo"";"16";"-5"
dalmaer"";"12";"None"
sheelc"";"22";"None"
nick-mobfarm"";"6";"None"
dvor"";"0";"2"
mattgallagher"";"19";"None"
HPNeo"";"9";"None"
MrRio"";"10";"0"
progranism"";"23";"None"
yuki24"";"22";"-5"
edenman"";"10";"None"
seantimm"";"20";"None"
codename-"";"23";"0"
FichteFoll"";"15";"1"
ptgoetz"";"13";"-5"
netzpirat"";"10";"1"
mileszs"";"14";"-5"
PeterScott"";"15";"-8"
siebrand"";"5";"None"
kenearley"";"11";"-6"
bradlygreen"";"15";"-8"
stefanp"";"16";"-8"
dguzzo"";"0";"-8"
jaukia"";"10";"2"
fpereiro"";"7";"None"
mhevery"";"21";"None"
mantoni"";"22";"1"
stucox"";"9";"0"
vfr"";"11";"None"
jakesgordon"";"12";"-8"
infews"";"10";"-8"
sameeragarwal"";"23";"-8"
elight"";"17";"-5"
elbrujohalcon"";"11";"-3"
defunkt"";"19";"-8"
PaulUithol"";"14";"1"
sirthias"";"15";"1"
typicaljoe"";"22";"-8"
runemadsen"";"15";"-5"
bpoplauschi"";"0";"None"
ouchadam"";"15";"None"
domnikl"";"11";"1"
fabianrbz"";"21";"-3"
gabrielrinaldi"";"22";"-8"
DeadSuperHero"";"16";"-6"
javve"";"23";"1"
dnerdy"";"13";"-8"
samuelclay"";"15";"-8"
acdha"";"15";"-5"
aaronsw"";"13";"None"
matthewmccullough"";"14";"-7"
pkit"";"19";"2"
coolaj86"";"12";"-7"
royshil"";"8";"None"
rustyrussell"";"16";"None"
CHH"";"15";"1"
jrtashjian"";"22";"-5"
sinisterchipmunk"";"11";"None"
IanSeyler"";"15";"-5"
diosmosis"";"20";"None"
yusuke"";"0";"9"
rmascarenhas"";"20";"-3"
davidfowl"";"23";"-8"
zdennis"";"15";"-5"
oyvindkinsey"";"14";"-8"
dionyziz"";"3";"2"
DouweM"";"18";"1"
skaes"";"8";"1"
brianc"";"9";"-6"
vicalloy"";"16";"8"
wdavidw"";"23";"1"
BjarniRunar"";"13";"0"
matthutchinson"";"20";"0"
domenic"";"23";"-5"
SaitoWu"";"14";"8"
mattgraham"";"14";"-5"
Swahvay"";"17";"-8"
m0mchil"";"3";"None"
rvagg"";"10";"10"
philfreo"";"16";"-8"
doug"";"17";"None"
stephenfin"";"19";"0"
mdp"";"10";"-8"
kai-koch"";"3";"1"
pascanur"";"11";"None"
al-the-x"";"16";"-5"
fabiosantoscode"";"15";"0"
Nijikokun"";"15";"-8"
vade"";"13";"None"
rs"";"16";"-8"
tjun"";"23";"9"
lcd047"";"23";"None"
wandenberg"";"12";"None"
kien"";"19";"None"
dscape"";"17";"0"
sellout"";"23";"-7"
samyk"";"0";"-8"
twobitlabs"";"10";"-8"
mbleigh"";"17";"-6"
twilson63"";"9";"-5"
bfroehle"";"13";"-8"
trptcolin"";"9";"-6"
cosmin"";"18";"-6"
atd"";"15";"1"
benbarnett"";"9";"0"
olivernn"";"12";"2"
piccolbo"";"10";"None"
ccgus"";"9";"-8"
yaauie"";"0";"-8"
vladikoff"";"12";"-5"
sj26"";"13";"8"
jgarzik"";"10";"-5"
ilikepi"";"16";"None"
bbenezech"";"9";"1"
mrdoob"";"22";"1"
mreiferson"";"10";"-5"
kriswallsmith"";"8";"-8"
shingara"";"17";"1"
wragen22"";"12";"None"
jasonjckn"";"14";"-8"
hal9002"";"3";"None"
gylaz"";"11";"-8"
lxn"";"2";"None"
Snuffleupagus"";"13";"1"
gnarf"";"13";"-5"
kyleconroy"";"23";"-8"
astrange"";"23";"None"
tom-seddon"";"22";"0"
axkibe"";"10";"1"
BillinghamJ"";"18";"0"
Ibie"";"15";"None"
gabebw"";"10";"-5"
elijahmanor"";"15";"-6"
devinrader"";"11";"None"
jbrownlee"";"3";"None"
haines"";"11";"0"
mhayes"";"11";"-8"
Freeaqingme"";"17";"1"
timvandermeij"";"23";"1"
shazron"";"15";"-8"
nelhage"";"11";"-8"
piotrj"";"15";"1"
toberndo"";"11";"1"
albertbellonch"";"19";"1"
danchoi"";"9";"-5"
charroch"";"16";"0"
marcelklehr"";"7";"None"
kangax"";"12";"-5"
scalessec"";"13";"-5"
sindhri"";"8";"None"
leafo"";"23";"-8"
codahale"";"12";"-8"
phpfunk"";"16";"-5"
anatoliychakkaev"";"0";"8"
akre54"";"16";"0"
softr8"";"16";"-6"
whoughton"";"12";"-5"
nostra13"";"0";"2"
rxaviers"";"17";"-3"
Bakual"";"13";"1"
sylvinus"";"13";"1"
chobie"";"0";"9"
bnoordhuis"";"13";"1"
astanway"";"13";"None"
Nikerabbit"";"13";"2"
afc163"";"18";"8"
stendec"";"1";"-5"
mkocher"";"19";"-8"
mmalecki"";"14";"1"
jberkel"";"4";"1"
jnicklas"";"14";"1"
mixu"";"19";"-8"
nathansearles"";"11";"-8"
drichard"";"0";"None"
bortoq"";"10";"None"
tilsammans"";"23";"1"
ariya"";"22";"None"
videlalvaro"";"14";"1"
eyecatchup"";"22";"1"
garybernhardt"";"15";"-8"
cheba"";"16";"2"
efirestone"";"10";"None"
aspires"";"13";"-5"
jakearchibald"";"5";"None"
karlseguin"";"6";"None"
jpmckinney"";"14";"-5"
yurydelendik"";"6";"None"
fogus"";"8";"-5"
dylanahsmith"";"15";"-5"
technicalpickles"";"11";"-5"
DavidChristiansen"";"20";"0"
gorakhargosh"";"8";"None"
rosejn"";"14";"0"
LaurentGomila"";"20";"1"
manuelbieh"";"23";"1"
yinkou"";"8";"1"
jcoyne"";"11";"-6"
rick"";"18";"-6"
arunagw"";"10";"1"
rowanj"";"13";"10"
wting"";"12";"-6"
stkim1"";"22";"9"
shiffman"";"9";"None"
nygard"";"17";"-7"
aemoncannon"";"15";"-5"
jcoglan"";"12";"0"
fesplugas"";"12";"1"
victorpimentel"";"0";"1"
leongersen"";"13";"1"
stof"";"11";"1"
peyton"";"11";"-5"
justinmayer"";"9";"None"
defnull"";"17";"1"
robertd"";"12";"-7"
Kilian"";"10";"1"
sbellity"";"18";"1"
augustohp"";"15";"-3"
lukeapage"";"14";"None"
cyrilmottier"";"17";"1"
kpumuk"";"16";"-5"
mloughran"";"12";"0"
koenbok"";"23";"-8"
dz0ny"";"14";"1"
codeimpossible"";"21";"None"
cumulusdev"";"4";"None"
max99x"";"18";"-8"
mattsears"";"16";"-5"
jaysalvat"";"13";"1"
hSATAC"";"11";"8"
rtsan"";"14";"9"
yas375"";"11";"2"
davidpfahler"";"5";"None"
tonklon"";"13";"None"
mhils"";"1";"1"
socketstream"";"19";"0"
kanwei"";"16";"-5"
andreyvit"";"17";"6"
Kapin"";"2";"-5"
tuulos"";"23";"-8"
dabit"";"11";"-6"
bketelsen"";"10";"-5"
snusnu"";"18";"1"
joemccann"";"12";"-5"
klen"";"11";"3"
sublimator"";"13";"7"
steipete"";"16";"1"
seanpowell"";"19";"None"
tjfontaine"";"10";"-8"
jgoulah"";"16";"-5"
skwp"";"10";"-6"
omz"";"16";"1"
rembo10"";"20";"None"
ahorn"";"3";"None"
cjerdonek"";"0";"-8"
ayush"";"2";"None"
rentzsch"";"17";"-6"
antonkovalyov"";"11";"-8"
flores"";"12";"-8"
flavorjones"";"13";"-5"
orta"";"11";"-5"
mattt"";"9";"-8"
josh"";"11";"-6"
nouiz"";"12";"None"
DavidDurman"";"12";"1"
tony"";"10";"8"
mattn"";"10";"9"
hpique"";"17";"1"
m2ym"";"9";"None"
pablohoffman"";"15";"-3"
shukydvir"";"0";"2"
ZhangYiJiang"";"19";"8"
seyhunak"";"10";"2"
asmeurer"";"19";"-6"
Southern"";"13";"-5"
olivierverdier"";"10";"1"
valdean"";"12";"-8"
cezarsa"";"18";"-3"
nailxx"";"1";"None"
rwaldron"";"13";"-5"
vitch"";"12";"0"
paularmstrong"";"16";"-8"
preston"";"18";"-6"
xordoquy"";"10";"1"
szTheory"";"9";"None"
xxv"";"15";"-5"
rspilker"";"14";"None"
mamcx"";"16";"-5"
ohrite"";"14";"-8"
tuupola"";"23";"2"
stuarthalloway"";"8";"-5"
gregbell"";"17";"-8"
mmaiza"";"14";"None"
remy"";"23";"0"
vladzinculescu"";"10";"None"
keymon"";"9";"None"
itofzo"";"3";"None"
thomasc"";"5";"None"
tpope"";"13";"-5"
tanx"";"10";"None"
taylorotwell"";"13";"-6"
ajillion"";"12";"None"
Magnus-G"";"12";"None"
palewire"";"18";"-8"
Nami-Doc"";"13";"None"
mikedeboer"";"12";"1"
slembcke"";"16";"-6"
ljharb"";"10";"-8"
sourrust"";"15";"-7"
tzi"";"16";"1"
bavarious"";"20";"None"
kriskowal"";"12";"-8"
myleshorton"";"16";"None"
shatsar"";"13";"-8"
ScottDowne"";"12";"None"
kizu"";"22";"3"
danheberden"";"15";"-8"
ojiikun"";"15";"None"
franciscoj"";"17";"1"
dangra"";"13";"-3"
gjtorikian"";"14";"-8"
phstc"";"10";"-3"
olado"";"10";"-5"
nramirezuy"";"15";"-3"
Robdel12"";"21";"-5"
phinze"";"13";"-6"
metajack"";"9";"-7"
jejacks0n"";"13";"-7"
fperez"";"18";"-8"
jasny"";"1";"1"
warrendholmes"";"22";"2"
1602"";"2";"None"
endtwist"";"13";"None"
matomesc"";"13";"-5"
Birkemose"";"7";"None"
paulirish"";"16";"-8"
Benjamin-Dobell"";"0";"10"
evilstreak"";"11";"0"
murtaugh"";"12";"-5"
technoweenie"";"8";"-7"
eligrey"";"14";"-5"
bigspotteddog"";"7";"None"
creationix"";"13";"-6"
dsaff"";"15";"-5"
codeguy"";"14";"-5"
philsturgeon"";"19";"2"
toland"";"14";"-6"
burns"";"17";"-5"
zachleat"";"17";"-6"
eighthave"";"17";"-5"
tbosch"";"16";"-8"
watsonian"";"18";"-6"
farinspace"";"0";"-6"
nicktelford"";"12";"0"
sikachu"";"14";"-5"
iosdeveloper"";"10";"None"
Diaoul"";"12";"1"
mtitolo"";"10";"-8"
nrs135"";"9";"1"
jeromelebel"";"0";"1"
ghostdance"";"12";"None"
rcherny"";"8";"-5"
grootjans"";"22";"1"
davedelong"";"15";"-8"
tenderlove"";"11";"-8"
sgiehl"";"23";"1"
visionmedia"";"9";"-8"
stympy"";"8";"-8"
mohans"";"9";"-8"
jyr"";"21";"None"
wesbaker"";"12";"-5"
ChrisJohnsen"";"16";"-6"
fluffle"";"0";"0"
jasl8r"";"12";"None"
adamgit"";"8";"None"
tamland"";"4";"None"
aparajita"";"12";"None"
JamesDullaghan"";"13";"-8"
easternbloc"";"12";"0"
chimney-sweeper"";"16";"None"
scottjehl"";"10";"-6"
ole"";"14";"1"
ryantenney"";"17";"-5"
imakewebthings"";"15";"-8"
bowrocker"";"9";"None"
arashpayan"";"18";"-8"
databyte"";"19";"-5"
Snugug"";"10";"-5"
nathansmith"";"10";"-6"
indirect"";"12";"-8"
koriroys"";"19";"-6"
cescoffier"";"10";"1"
rsanheim"";"19";"-6"
jigish"";"18";"-8"
jasonrudolph"";"10";"-5"
huyng"";"17";"None"
kmalakoff"";"16";"-8"
geuis"";"12";"-8"
jflitton"";"9";"None"
udzura"";"20";"9"
jonathantneal"";"10";"-8"
kaleworsley"";"10";"12"
behrad"";"0";"None"
phproberto"";"0";"1"
shtylman"";"10";"None"
tommcfarlin"";"8";"-5"
warrenm"";"17";"-8"
nirav"";"11";"None"
cowboy"";"12";"-5"
chneukirchen"";"18";"1"
mlharvest"";"10";"None"
tomislav"";"16";"1"
ksheedlo"";"16";"-7"
raziel"";"10";"None"
daffl"";"15";"-7"
timvieira"";"12";"-5"
javan"";"9";"-5"
razorjack"";"20";"1"
croaky"";"10";"-8"
sidorares"";"11";"10"
swalkinshaw"";"15";"-5"
mrded"";"0";"0"
tmort"";"12";"-5"
stffn"";"22";"1"
michaeltyson"";"17";"None"
albertotretti"";"16";"None"
mwbrooks"";"15";"-8"
janl"";"18";"1"
groys"";"19";"None"
HenrikJoreteg"";"15";"-8"
jelmer"";"1";"1"
codecomputerlove"";"8";"0"
TheHydroImpulse"";"21";"-7"
mbebenita"";"14";"None"
andreberg"";"22";"1"
L2G"";"13";"-8"
OpaOnWindowsNow"";"4";"None"
lewish"";"12";"0"
dbushell"";"14";"0"
draeton"";"23";"-5"
andris9"";"11";"2"
martey"";"14";"-5"
ametaireau"";"11";"1"
AlexBaranosky"";"22";"-8"
pwmckenna"";"10";"-8"
zedshaw"";"17";"-8"
jashkenas"";"11";"-5"
rniemeyer"";"8";"-6"
yokolet"";"20";"None"
JosePedroDias"";"1";"0"
hatefulcrawdad"";"11";"-8"
minad"";"22";"1"
jonathanong"";"16";"-8"
wmertens"";"1";"None"
tmm1"";"18";"-8"
fcarneiro"";"9";"None"
darkk"";"12";"3"
Raimondi"";"21";"None"
chebyte"";"16";"-3"
takoi"";"6";"None"
jwhitley"";"13";"-8"
sidestepism"";"15";"9"
sporkd"";"16";"-8"
onursumer"";"15";"None"
gregs1104"";"21";"-5"
ijl"";"17";"-5"
lennartcl"";"11";"1"
shpakovski"";"12";"1"
nz"";"17";"-7"
ashtuchkin"";"10";"-8"
viatropos"";"22";"-8"
SomMeri"";"5";"None"
binarydud"";"14";"-6"
Antaris"";"10";"None"
samandmoore"";"10";"-5"
enyo"";"23";"8"
justinfrench"";"22";"10"
bootstraponline"";"10";"None"
chjj"";"11";"-6"
ddollar"";"16";"-5"
rickynils"";"16";"1"
kvz"";"16";"1"
brettz9"";"8";"8"
epeli"";"16";"2"
tmilewski"";"13";"-5"
nschonni"";"16";"-5"
sintaxi"";"12";"-8"
OliverLetterer"";"10";"1"
gnarf37"";"10";"None"
jiedan"";"1";"8"
jaz303"";"0";"0"
joliss"";"14";"None"
Anthony25"";"20";"1"
rmtheis"";"20";"-8"
getfatday"";"14";"-6"
jeremyf"";"15";"-5"
fjakobs"";"15";"1"
dgrunwald"";"18";"1"
raggi"";"13";"-8"
glebm"";"17";"1"
nicoulaj"";"16";"1"
LazarSoft"";"8";"None"
Frug"";"17";"-5"
quantmind"";"18";"0"
mike-burns"";"16";"1"
fpillet"";"11";"1"
vanderhoorn"";"8";"None"
rwarasaurus"";"16";"0"
michael-grunder"";"11";"None"
apetresc"";"12";"-5"
eternicode"";"23";"-5"
ctran"";"23";"-8"
drudge"";"11";"-5"
SteveSanderson"";"3";"None"
tubbo"";"0";"-5"
dkowis"";"14";"-6"
mitchellh"";"11";"-8"
jkaving"";"6";"None"
OhaiBBQ"";"16";"-8"
tmcw"";"17";"-5"
seb-m"";"10";"1"
tzuryby"";"7";"2"
bitwiseman"";"13";"None"
Kurry"";"14";"-5"
majek"";"6";"None"
jhy"";"16";"-8"
MoOx"";"8";"1"
MathieuPOUX"";"6";"None"
seejohnrun"";"11";"-5"
sergeche"";"13";"3"
alexyoung"";"17";"0"
brandonaaron"";"7";"None"
hagberg"";"9";"-7"
rafaelgg"";"0";"1"
rmm5t"";"10";"-5"
rwldrn"";"10";"None"
DaRaFF"";"20";"1"
hegemonic"";"8";"-8"
andreafabrizi"";"15";"1"
lukas-vlcek"";"15";"1"
rsofaer"";"14";"None"
Felixyz"";"5";"None"
chrisboulton"";"19";"10"
c9developer"";"4";"None"
keithw"";"16";"-5"
carljm"";"11";"-7"
smileyj68"";"11";"-8"
premedios"";"11";"0"
banister"";"2";"1"
DmitryBaranovskiy"";"11";"10"
digitalBush"";"21";"-5"
jhough10"";"20";"None"
micho"";"13";"1"
Jacobkg"";"21";"None"
micha"";"16";"-5"
ataulm"";"22";"0"
jeromeetienne"";"13";"1"
Tahnan"";"12";"None"
drogus"";"13";"1"
jnwhiteh"";"14";"None"
gmoledina"";"0";"-5"
mariusaeriksen"";"21";"-8"
mvanholstyn"";"23";"-5"
laverdet"";"11";"None"
clintjhill"";"10";"-7"
FagnerMartinsBrack"";"11";"None"
ztellman"";"14";"-8"
jodosha"";"15";"1"
joshaven"";"10";"-5"
cameronmcefee"";"9";"-8"
cburroughs"";"15";"-5"
cowtowncoder"";"20";"-8"
eddiemachado"";"15";"-8"
devongovett"";"21";"-8"
ripienaar"";"12";"0"
gibson042"";"9";"-5"
JangoSteve"";"12";"-5"
ryanve"";"16";"-5"
kevinclark"";"14";"None"
mrsweaters"";"10";"-8"
hassox"";"10";"None"
pauldix"";"14";"-5"
tkahn"";"17";"1"
abotalov"";"23";"2"
scanny"";"21";"-8"
chikamichi"";"19";"1"
detro"";"23";"0"
Pita"";"22";"0"
brycebaril"";"10";"-8"
JamieAppleseed"";"11";"1"
gauravmc"";"22";"-5"
miripiruni"";"16";"3"
alganet"";"12";"-3"
davidhurley"";"14";"None"
seancolyer"";"17";"None"
alfhenrik"";"18";"10"
phiggins42"";"18";"None"
jamesgolick"";"15";"-8"
roidrage"";"10";"1"
arthurnn"";"11";"-5"
nashby"";"21";"2"
purplecabbage"";"16";"-8"
gitster"";"15";"-8"
eleith"";"1";"-6"
dyve"";"7";"1"
67726e"";"8";"-5"
jpfuentes2"";"21";"-5"
jonatack"";"20";"1"
sschuberth"";"16";"1"
mostafaeweda"";"15";"2"
geekq"";"17";"1"
jsmestad"";"12";"-7"
winston"";"22";"8"
csfrancis"";"11";"-5"
vlidholt"";"16";"-8"
inolen"";"14";"-8"
chirag04"";"3";"None"
jeffbcross"";"10";"-8"
rayh"";"10";"10"
n8han"";"8";"-5"
MikeOrtiz"";"10";"None"
waruts"";"8";"None"
nevir"";"11";"-8"
tmpvar"";"15";"-7"
jbalogh"";"10";"-8"
mweibel"";"8";"1"
faceleg"";"22";"12"
kaepora"";"16";"-5"
raganwald"";"12";"-5"
bdarnell"";"19";"None"
JohnMcLear"";"18";"0"
trobrock"";"9";"-8"
laanwj"";"9";"1"
allending"";"10";"8"
packagethief"";"10";"-6"
kevinsawicki"";"9";"-8"
devn"";"13";"-6"
sergi"";"15";"1"
PsychoH13"";"23";"-8"
tombell"";"22";"0"
dnkoutso"";"16";"None"
tdreyno"";"9";"-8"
PragTob"";"17";"1"
erikstmartin"";"11";"-5"
iambus"";"5";"-6"
jcubic"";"19";"1"
denschub"";"0";"1"
brianleroux"";"12";"-6"
soffes"";"8";"-8"
gazay"";"8";"3"
fidothe"";"19";"1"
pepelsbey"";"12";"3"
Kami"";"23";"1"
mdordal"";"12";"-8"
steffentchr"";"12";"1"
qdot"";"17";"-8"
satyr"";"20";"9"
mbostock"";"9";"-8"
cemerick"";"8";"-5"
maxwell"";"13";"-8"
Cobus"";"1";"None"
qrush"";"20";"-5"
bryckbost"";"12";"-5"
rubnov"";"2";"None"
andrewplummer"";"0";"9"
betweenbrain"";"6";"None"
markrcote"";"9";"None"
brianchirls"";"14";"-5"
os97673"";"22";"3"
technomancy"";"9";"-8"
BigZaphod"";"11";"None"
tjw"";"22";"-8"
diox"";"16";"1"
trondn"";"11";"1"
trevnorris"";"16";"-8"
loganb"";"11";"-8"
dj2"";"9";"-5"
chirayuk"";"16";"-8"
loganj"";"9";"-8"
alvins82"";"0";"None"
ervandew"";"7";"-8"
blynn"";"22";"None"
pakerfeldt"";"5";"None"
greg0ire"";"10";"1"
kusma"";"23";"1"
caolan"";"16";"0"
majutsushi"";"17";"12"
headwinds"";"9";"-5"
jaydee3"";"12";"1"
lucasmazza"";"14";"-3"
tebriel"";"14";"-5"
HunterHillegas"";"10";"None"
stefankroes"";"9";"1"
catsby"";"14";"-6"
elabs-dev"";"9";"1"
samvermette"";"23";"-5"
harukizaemon"";"9";"10"
madler"";"23";"None"
issackelly"";"11";"-8"
apotonick"";"10";"10"
joshuarh"";"10";"None"
jonboulle"";"15";"-8"
addyosmani"";"13";"0"
squ1b3r"";"12";"5"
slackersoft"";"14";"-8"
robvdveer"";"3";"None"
swankjesse"";"11";"-5"
bl8"";"16";"1"
cadecairos"";"15";"-5"
vsizov"";"11";"2"
superjoe30"";"16";"-5"
imkira"";"23";"9"
jistr"";"17";"1"
marcuswestin"";"14";"-8"
posabsolute"";"9";"-5"
jamierumbelow"";"16";"0"
xk"";"17";"None"
Mottie"";"6";"None"
aaugustin"";"22";"1"
miekg"";"9";"0"
logicalparadox"";"11";"None"
Stereobit"";"23";"0"
romainneutron"";"17";"1"
joshaber"";"11";"-5"
benpickles"";"15";"0"
blommegard"";"20";"1"
jaredhanson"";"8";"-8"
hueniverse"";"0";"-8"
Aqua-Ye"";"12";"1"
kongo2002"";"22";"1"
mduan"";"12";"None"
mwrock"";"23";"-8"
gskinner"";"13";"None"
danicgross"";"14";"None"
hiremaga"";"19";"-8"
jeremyclark13"";"6";"None"
durhamka"";"14";"-7"
spadgos"";"10";"1"
shimonchayim"";"15";"None"
gruns"";"20";"None"
tonyarnold"";"10";"10"
ivanov"";"14";"None"
lucasallan"";"16";"-8"
kalessin"";"10";"None"
Randgalt"";"16";"-5"
thegoleffect"";"9";"-8"
petebacondarwin"";"21";"0"
buymeasoda"";"20";"-8"
gmaxwell"";"15";"None"
jankuca"";"0";"1"
hsbt"";"10";"9"
nixme"";"15";"-8"
teeparham"";"10";"-7"
jboyens"";"15";"-8"
c9s"";"20";"8"
ifandelse"";"16";"-5"
psmolenski"";"0";"None"
prb"";"2";"-8"
michelf"";"14";"-5"
ecoffey"";"9";"-7"
PaulGuo"";"20";"None"
tolgaek"";"8";"None"
scottmac"";"9";"-8"
steveklabnik"";"11";"-8"
paulbjensen"";"23";"0"
Haacked"";"9";"-8"
jezdez"";"17";"1"
agatronic"";"4";"None"
berkerpeksag"";"14";"2"
tgriesser"";"10";"-5"
fcambus"";"23";"1"
gka"";"9";"-5"
wch"";"20";"None"
ugol"";"22";"1"
lehni"";"23";"1"
mikesherov"";"11";"None"
norman"";"10";"-3"
damianh"";"12";"1"
shane42"";"15";"None"
biokys"";"19";"1"
catesandrew"";"9";"-8"
numan"";"15";"-8"
marchaefner"";"14";"1"
skamille"";"13";"-5"
kaishin"";"4";"None"
gravityonmars"";"14";"None"
rzwitserloot"";"23";"1"
cobyism"";"10";"0"
nateps"";"1";"-8"
rnicholus"";"20";"None"
kurtvarner"";"17";"None"
capitaomorte"";"11";"None"
xpaulbettsx"";"15";"None"
abraham"";"19";"-8"
ylechelle"";"12";"1"
MrZYX"";"20";"1"
tkf"";"12";"None"
mcmire"";"11";"-7"
eguven"";"9";"None"
kballard"";"12";"-8"
stuhood"";"12";"None"
caboteria"";"8";"-5"
joshk"";"14";"1"
mansilladev"";"11";"None"
lazyatom"";"16";"0"
dominictarr"";"23";"12"
AliSoftware"";"23";"1"
BYVoid"";"1";"8"
mjsarfatti"";"0";"1"
JCook21"";"21";"-5"
ahadrana"";"9";"None"
gcamp"";"11";"None"
AD7six"";"17";"1"
owenb"";"23";"0"
ObjColumnist"";"1";"None"
elvisimprsntr"";"7";"-5"
njonsson"";"9";"-6"
tobyzerner"";"19";"None"
segiddins"";"21";"-6"
ChrisWren"";"21";"-8"
markelog"";"9";"None"
robrighter"";"17";"-5"
radar"";"11";"10"
naomiblack"";"16";"None"
mantognini"";"10";"1"
mtodd"";"21";"-8"
Carreau"";"19";"1"
railsjedi"";"14";"-8"
remogloor"";"12";"1"
clang13"";"12";"None"
asenderzon"";"14";"None"
carhartl"";"20";"1"
demerphq"";"18";"1"
nmjesus"";"14";"0"
slang800"";"14";"None"
spastorino"";"16";"-3"
xdissent"";"15";"-6"
Nyx0uf"";"9";"1"
djcp"";"10";"-5"
robbiehanson"";"11";"-8"
martynsmith"";"15";"12"
lusis"";"9";"-5"
rupa"";"15";"-5"
weavejester"";"14";"0"
michaelfairley"";"23";"-6"
jeremeamia"";"13";"-8"
acslater00"";"11";"-5"
josephg"";"16";"-8"
dizzyd"";"8";"-6"
robocoder"";"10";"-5"
LeaVerou"";"22";"2"
pixelb"";"12";"0"
mikemaccana"";"12";"0"
cyco"";"4";"None"
dannycoates"";"11";"-8"
lannymcnie"";"15";"-7"
josephschmitt"";"11";"-8"
bouk"";"22";"1"
kryali"";"16";"-8"
scottjg"";"23";"-8"
ionelmc"";"21";"2"
brandonheller"";"11";"-8"
benatkin"";"21";"-7"
chester89"";"0";"3"
parndt"";"9";"12"
dcramer"";"11";"-8"
vbabiy"";"10";"-5"
takluyver"";"18";"0"
jswartwood"";"23";"-5"
mathiasbynens"";"10";"1"
ayoung"";"23";"-8"
troelskn"";"12";"1"
ipeychev"";"3";"None"
wycats"";"22";"-8"
stephencelis"";"10";"-8"
wwilsman"";"12";"None"
gpjt"";"20";"0"
artm"";"11";"1"
jbdeboer"";"11";"-8"
russross"";"13";"-7"
mrclay"";"22";"-5"
oakho"";"14";"1"
netflixgithub"";"14";"None"
madrobby"";"9";"-5"
andrew"";"20";"0"
basdewachter"";"6";"None"
plasticboy"";"9";"-5"
ICSharpCodeBuildServer"";"12";"None"
rspeer"";"17";"-5"
atesgoral"";"16";"-5"
fred-wang"";"14";"1"
vlasovskikh"";"17";"3"
pilot"";"23";"2"
gilbitron"";"15";"0"
msmathers"";"18";"-6"
AArnott"";"7";"-8"
ricardoquesada"";"16";"-8"
tomasAlabes"";"15";"-8"
nickl-"";"3";"2"
mzgol"";"18";"1"
kcooney"";"9";"-8"
MmmCurry"";"6";"None"
deadprogrammer"";"16";"None"
brow"";"13";"-8"
charliesome"";"14";"10"
kkaefer"";"11";"1"
pietern"";"9";"-8"
richleland"";"10";"-5"
Marak"";"16";"-8"
nzakas"";"8";"-8"
scannell"";"7";"None"
jasonmorrissey"";"2";"10"
alexgorbatchev"";"10";"-8"
zarvox"";"19";"-8"
ammmir"";"23";"-8"
funkotron"";"12";"0"
IgorMinar"";"16";"-8"
cdwort"";"11";"None"
rivera-ernesto"";"10";"9"
spraints"";"10";"-5"
bfleischer"";"23";"1"
Herzult"";"22";"1"
timruffles"";"12";"0"
macfanatic"";"20";"-5"
Yaffle"";"20";"None"
RoyJacobs"";"17";"1"
elinw"";"18";"None"
xlexi"";"16";"1"
tomfaulhaber"";"18";"-8"
chrisumbel"";"6";"None"
pkrumins"";"20";"2"
pa7"";"0";"1"
rachelbaker"";"14";"-6"
heynemann"";"15";"-3"
leahxschmidt"";"13";"None"
allmarkedup"";"17";"0"
k88hudson"";"11";"None"
derekwyatt"";"9";"None"
kirs"";"12";"3"
gildas-lormeau"";"21";"1"
jonallured"";"7";"-6"
mhoran"";"22";"-5"
bbatsov"";"12";"2"
eMxyzptlk"";"11";"-8"
aFarkas"";"12";"1"
fengmk2"";"17";"8"
dethe"";"14";"-8"
NealKemp"";"23";"-8"
dougwilson"";"9";"-5"
jgilfelt"";"13";"0"
dhotson"";"21";"10"
cronopio"";"12";"-5"
tea-dragon"";"13";"-5"
hbbio"";"3";"-8"
mjijackson"";"11";"-8"
jfahrenkrug"";"10";"-5"
mattmanning"";"16";"-5"
minrk"";"11";"-8"
balupton"";"16";"10"
macteo"";"8";"1"
itechnology"";"23";"1"
andreasbernhard"";"21";"1"
avalanche123"";"11";"-8"
jakl"";"10";"-8"
alexgibson"";"10";"0"
JamesMGreene"";"12";"-6"
treffynnon"";"11";"0"
sbosley"";"14";"None"
ubuwaits"";"21";"1"
mickaelandrieu"";"15";"1"
gothfox"";"4";"None"
tooky"";"16";"0"
topfunky"";"12";"-8"
jch"";"13";"-8"
shaneharter"";"11";"None"
chrisdavenport"";"12";"None"
rstoyanchev"";"14";"-5"
zurbchris"";"16";"None"
techiferous"";"18";"-5"
dextercowley"";"10";"-8"
cowboyd"";"16";"-6"
Lokaltog"";"17";"1"
boctor"";"22";"-6"
ncb000gt"";"10";"-5"
ebidel"";"10";"-8"
egirshov"";"12";"None"
verekia"";"16";"None"
ryanramage"";"12";"-6"
benspaulding"";"11";"-7"
jonmak08"";"16";"None"
orkel"";"11";"None"
tarcieri"";"14";"-8"
powmedia"";"10";"0"
joelambert"";"20";"0"
jgm"";"9";"-8"
bengremillion"";"13";"None"
danielstocks"";"13";"1"
patthoyts"";"14";"0"
sergeychernyshev"";"12";"-5"
Raynes"";"14";"-8"
lifesinger"";"10";"8"
luizcosta"";"20";"-3"
fgnass"";"10";"1"
jcrugzz"";"1";"-5"
seanami"";"13";"-8"
syohex"";"0";"9"
vakata"";"1";"2"
natecavanaugh"";"16";"-8"
shayne"";"15";"-8"
kolber"";"13";"10"
onedayitwillmake"";"13";"-5"
fgrehm"";"21";"-3"
fnordfish"";"14";"1"
amasad"";"18";"-5"
erwaller"";"10";"None"
ggilder"";"11";"-8"
idflood"";"2";"None"
b4winckler"";"7";"None"
ehynds"";"8";"-5"
nightwing"";"23";"4"
mduvall"";"22";"-8"
marpaia"";"19";"-8"
maxkfranz"";"16";"-5"
ccampbell"";"21";"-5"
michaelklishin"";"11";"None"
shevaun"";"9";"10"
mcavage"";"8";"-8"
jsor"";"20";"1"
myell0w"";"13";"1"
mdo"";"15";"-8"
thomasdavis"";"17";"10"
calebthompson"";"9";"-5"
pascalh1011"";"16";"2"
gavinandresen"";"21";"-5"
mattr-"";"22";"-6"
stevegraham"";"17";"0"
arr-ee"";"17";"3"
kjvarga"";"13";"-6"
NV"";"9";"-8"
evadne"";"22";"10"
devgeeks"";"10";"10"
derekcollison"";"17";"-8"
juj"";"2";"None"
Rican7"";"17";"-5"
pinaypunto"";"3";"None"
EvilTosha"";"11";"None"
aehlke"";"2";"-5"
tanepiper"";"16";"0"
fidian"";"8";"-6"
georgemandis"";"8";"None"
progrium"";"15";"-8"
mislav"";"16";"1"
fullbridge-batkins"";"10";"-5"
mrtazz"";"17";"-5"
chrismiles"";"10";"10"
jlembeck"";"14";"-8"
aroben"";"8";"-5"
puls"";"10";"-8"
mroth"";"11";"-5"
rscarvalho"";"8";"-4"
ai"";"15";"3"
somerandomdude"";"22";"-8"
jeresig"";"23";"-5"
idiot"";"16";"0"
yob"";"0";"10"
jdfreder"";"11";"None"
sferik"";"17";"1"
guilleiguaran"";"0";"-5"
happyworm"";"15";"0"
scttnlsn"";"12";"-5"
spf13"";"10";"-5"
davidlao2k"";"19";"None"
jhudson8"";"18";"None"
jvarley"";"11";"None"
a2"";"16";"-5"
rightparen"";"9";"None"
dbhurley"";"15";"-5"
chrisp-fb"";"16";"None"
elgenie"";"10";"-8"
tapmodo"";"16";"-8"
timothyej"";"2";"1"
davidjrice"";"17";"0"
pstadler"";"10";"1"
adzap"";"9";"10"
lithium3141"";"23";"None"
florentx"";"16";"None"
jasonlewis"";"7";"0"
zenmatt"";"21";"-5"
mourner"";"12";"2"
Keithbsmiley"";"10";"-5"
tkellen"";"15";"-5"
turadg"";"8";"-8"
yrashk"";"10";"-8"
holman"";"14";"-8"
emile"";"4";"None"
anildash"";"22";"-5"
ivansafrin"";"11";"None"
lian"";"22";"1"
stephanemoore"";"16";"None"
senny"";"10";"1"
caseywebdev"";"11";"-6"
ZJONSSON"";"18";"None"
albertz"";"16";"1"
psychs"";"5";"-8"
aranhoide"";"10";"None"
johnyma22"";"6";"None"
jweinberg"";"13";"None"
tomwhite"";"7";"None"
sloisel"";"0";"0"
m1ch1"";"18";"None"
pokonski"";"11";"1"
imathis"";"23";"-6"
anandology"";"16";"6"
thomasgriffin"";"10";"-5"
fat"";"21";"-8"
glyphobet"";"11";"None"
sn6uv"";"20";"None"
brutuscat"";"19";"1"
rvoicilas"";"15";"None"
mludvig"";"16";"12"
JoelKatz"";"11";"-8"
kripken"";"17";"None"
ferventcoder"";"10";"-6"
joneslee85"";"22";"10"
kcbanner"";"17";"-5"
maintux"";"17";"1"
JakeWharton"";"23";"-8"
dmethvin"";"21";"-5"
samhendley"";"22";"None"
pksunkara"";"10";"None"
kneath"";"11";"-8"
ggreer"";"17";"-8"
xenda"";"20";"-5"
agustincordes"";"18";"-3"
MatthewMueller"";"15";"-8"
seebi"";"15";"1"
gunn"";"13";"12"
dkubb"";"23";"-8"
cheeaun"";"23";"8"
hikalkan"";"21";"2"
abh"";"16";"-8"
kylefiedler"";"13";"None"
niden"";"10";"-5"
matsko"";"17";"-5"
gimite"";"23";"9"
Soliah"";"11";"10"
myronmarston"";"8";"-8"
kswedberg"";"14";"-5"
ilya"";"20";"-8"
rurban"";"15";"-6"
igrigorik"";"20";"-8"
dormando"";"0";"None"
harthur"";"15";"-8"
JulienMoumne"";"14";"None"
tadatuta"";"23";"2"
joshuaArd"";"12";"None"
mastahyeti"";"17";"-6"
jonas"";"21";"-5"
douglascrockford"";"10";"None"
gregsexton"";"11";"0"
jonathanpuckey"";"6";"None"
es128"";"10";"-5"
markburns"";"8";"0"
dannygreg"";"11";"-8"
bocon13"";"16";"None"
incanus"";"15";"-8"
SlexAxton"";"16";"-6"
mrdavidlaing"";"16";"0"
pkozlowski-opensource"";"12";"-6"
sobrinho"";"16";"-4"
thomasyip"";"0";"-8"
rkh"";"17";"1"
jspahrsummers"";"11";"-8"
troels"";"14";"None"
lisachenko"";"22";"3"
seenmyfate"";"12";"0"
eastridge"";"12";"-8"
stephenmckinney"";"20";"-5"
peterkeating"";"17";"0"
n1k0"";"10";"1"
3rd-Eden"";"11";"1"
thibaudgg"";"8";"1"
josegonzalez"";"11";"-5"
smsohan"";"10";"-7"
jussi-kalliokoski"";"20";"2"
bwhaley"";"9";"None"
zerkella"";"18";"None"
yaoweibin"";"18";"8"
antirez"";"11";"1"
ataranto"";"17";"-8"
godlygeek"";"23";"-5"
pickhardt"";"19";"-8"
ronkorving"";"11";"9"
whomwah"";"13";"0"
csquared"";"15";"-8"
dmajda"";"16";"1"
jdg"";"14";"-6"
Byron"";"21";"1"
kikito"";"1";"1"
ded"";"13";"-8"
caniszczyk"";"16";"-6"
rcrowley"";"11";"-8"
cortesi"";"11";"12"
shiftkey"";"10";"10"
hvoigt"";"13";"None"
jiangxin"";"9";"8"
dchester"";"18";"-5"
fabiomcosta"";"16";"-8"
nbibler"";"22";"-5"
vitmalina"";"9";"None"
jaliss"";"7";"None"
liuliu"";"22";"-8"
stubbornella"";"14";"-8"
stig"";"22";"0"
calebmdavenport"";"10";"None"
Viras-"";"10";"None"
albus522"";"11";"None"
dpvc"";"7";"None"
TrevorBurnham"";"11";"-5"
alexreisner"";"13";"-5"
saberma"";"23";"8"
fnando"";"14";"-3"
FabianFrank"";"15";"-8"
dgryski"";"22";"1"
javruben"";"18";"1"
rphillips"";"10";"-6"
dblock"";"9";"-5"
warpech"";"11";"1"
puckey"";"15";"1"
EppO"";"12";"None"
sahilm"";"5";"None"
kosaki"";"9";"-5"
jbogard"";"21";"-6"
indexzero"";"2";"-5"
RedWolves"";"20";"-5"
remiprev"";"8";"-5"
packetmonkey"";"21";"-5"
cristiandouce"";"16";"-3"
stephband"";"14";"None"
spulec"";"22";"-5"
starzonmyarmz"";"9";"-5"
joshuaclayton"";"9";"-5"
chrisdone"";"16";"1"
laurentj"";"10";"1"
necolas"";"13";"-8"
titoBouzout"";"19";"-3"
garand"";"11";"-5"
michaeldv"";"15";"-8"
devisnik"";"1";"None"
ehsan"";"13";"-5"
wavded"";"20";"-6"
falkenbt"";"10";"None"
csswizardry"";"13";"0"
normanmaurer"";"7";"1"
dherman"";"14";"-8"
mattpat"";"17";"-5"
arian"";"0";"1"
victorporof"";"4";"None"
wrl"";"14";"1"
martinbean"";"12";"0"
meatballhat"";"22";"-5"
RevolutionAnalytics"";"11";"None"
mikeal"";"11";"-8"
mdomsch"";"20";"-6"
farnoy"";"9";"None"
crohr"";"16";"0"
walle"";"11";"1"
alanjrogers"";"11";"10"
rwz"";"1";"-5"
georgebrock"";"8";"1"
rolftimmermans"";"6";"None"
thedersen"";"12";"1"
kevinsimper"";"0";"1"
JamieLottering"";"18";"-8"
weierophinney"";"11";"-6"
thomas-mcdonald"";"22";"0"
cshum"";"23";"8"
infograf768"";"0";"None"
xslim"";"11";"1"
Bittarman"";"13";"0"
wbsun"";"16";"-7"
andrewfb"";"12";"-5"
vgod"";"14";"-5"
loopj"";"14";"-8"
blackgold9"";"22";"-8"
jseidelin"";"20";"1"
midgetspy"";"22";"-6"
dexteryy"";"18";"8"
todc"";"12";"-8"
atermenji"";"19";"2"
evandavis"";"13";"None"
ernie"";"8";"-5"
inducer"";"11";"-6"
Kronuz"";"11";"None"
Vitallium"";"23";"3"
SamSaffron"";"10";"10"
doctyper"";"10";"-8"
xetorthio"";"10";"-5"
mastrolinux"";"11";"1"
ezimuel"";"17";"1"
aanand"";"17";"0"
ebiermann"";"0";"None"
jzaefferer"";"18";"1"
afelix"";"22";"None"
demosdemon"";"12";"-6"
ask"";"15";"0"
ajashton"";"12";"-5"
keithamus"";"11";"0"
cjdelisle"";"0";"None"
mattbryson"";"19";"0"
jbuck"";"16";"-5"
kpdecker"";"15";"-6"
jverkoey"";"19";"-8"
pidster"";"10";"0"
cfis"";"0";"-7"
ewencp"";"10";"-8"
willkg"";"7";"None"
SLaks"";"11";"-5"
donv"";"10";"1"
tim-smart"";"15";"12"
jogu"";"2";"None"
trentrichardson"";"6";"None"
parsch"";"6";"None"
btford"";"17";"-8"
goncalossilva"";"18";"0"
asual"";"0";"2"
kukawski"";"1";"None"
opalang"";"21";"None"
robertodecurnex"";"18";"-3"
ginatrapani"";"2";"-5"
gvarela"";"9";"-7"
laserlemon"";"10";"-5"
josevalim"";"17";"1"
Dorvaryn"";"16";"1"
jvshahid"";"12";"-5"
pagekite"";"15";"0"
EvanDotPro"";"11";"-7"
BanzaiMan"";"15";"-5"
TheRealKerni"";"15";"1"
timrwood"";"10";"-8"
davidkaneda"";"11";"-8"
knowtheory"";"9";"-6"
velesin"";"15";"1"
BorisMoore"";"16";"-8"
monnand"";"20";"None"
riyad"";"21";"1"
reidmorrison"";"14";"-5"
chaoticbob"";"14";"None"
pengwynn"";"12";"-6"
RobertWHurst"";"11";"-8"
mwaterfall"";"16";"0"
zackkitzmiller"";"16";"-5"
greenrobot"";"9";"None"
mpetrovic"";"11";"-5"
Sannis"";"23";"3"
clobber"";"11";"None"
dscho"";"13";"None"
kuenishi"";"16";"9"
julianduque"";"1";"-5"
pbrisbin"";"10";"-5"
ghaida"";"15";"None"
mnutt"";"0";"-5"
friedger"";"13";"None"
Kiv"";"16";"None"
hkrish"";"19";"1"
sigmavirus24"";"8";"-6"
torvalds"";"12";"-8"
arshaw"";"19";"-8"
illfang"";"9";"None"
ifsnow"";"19";"9"
ehmorris"";"0";"-5"
jdennes"";"13";"1"
aslakhellesoy"";"22";"0"
lantz"";"15";"None"
rjemanuele"";"13";"-8"
derekprior"";"11";"-5"
kr"";"17";"-8"
bnoguchi"";"17";"-8"
mattyza"";"14";"2"
joestump"";"18";"-7"
d11wtq"";"21";"10"
cesutherland"";"9";"-5"
ender672"";"22";"-8"
blueimp"";"7";"None"
xcatsan"";"15";"None"
alexkingorg"";"11";"-7"
mishoo"";"1";"None"
JohnEarnest"";"0";"-5"
evanmoran"";"11";"-8"
ffainelli"";"10";"None"
giannis"";"17";"2"
brainsik"";"10";"-8"
randx"";"14";"2"
ichernev"";"0";"-8"
janjongboom"";"11";"1"
alandipert"";"13";"-5"
richardeakin"";"0";"-5"
bramstein"";"10";"1"
clojure-build"";"6";"None"
evanphx"";"22";"-8"
damelang"";"16";"-8"
indutny"";"18";"7"
brennannovak"";"15";"0"
FooBarWidget"";"6";"-6"
batter"";"10";"-5"
foxykeep"";"9";"-8"
gleicon"";"22";"-3"
bf4"";"22";"-6"
m5o"";"8";"None"
BeezyT"";"14";"1"
kkoch986"";"9";"-5"
iros"";"14";"-5"
cmaish"";"22";"None"
daviddarnes"";"14";"0"
mikeash"";"17";"None"
resmo"";"10";"1"
NARKOZ"";"17";"4"
brendandahl"";"10";"-8"
cgrand"";"16";"1"
purplefox"";"12";"2"
Kyros"";"17";"-8"
jasondavies"";"16";"0"
mleibman"";"12";"-8"
maraujop"";"18";"1"
Roendal"";"0";"1"
koush"";"10";"-8"
kennethreitz"";"14";"-5"
sole"";"15";"0"
gdavis"";"11";"-7"
javigomez"";"11";"None"
sandal"";"11";"-5"
habermann24"";"1";"1"
ericam"";"0";"-7"
dosire"";"0";"None"
Beaver6813"";"9";"None"
jrburke"";"16";"None"
SBoudrias"";"15";"-5"
kevinsmith"";"12";"-6"
alexch"";"11";"-8"
tom-de-smedt"";"13";"None"
dnschnur"";"6";"-8"
nanotech"";"22";"None"
buriy"";"2";"6"
woozzu"";"17";"9"
zaach"";"15";"-8"
hollance"";"18";"1"
scottdavis"";"12";"-5"
elm232"";"15";"-8"
facelessuser"";"8";"None"
ellisonbg"";"14";"-8"
obrie"";"18";"-5"
phalcon"";"7";"None"
robertpenner"";"22";"-6"
mwillbanks"";"10";"-6"
mikem"";"22";"None"
nrk"";"11";"1"
mahnunchik"";"23";"6"
mattkersley"";"16";"0"
davesantos"";"16";"None"
HansPinckaers"";"10";"1"
davidmoreno"";"12";"0"
KL-7"";"11";"-8"
richtera"";"7";"-5"
draco2003"";"15";"-5"
artemk"";"12";"2"
tpyo"";"15";"2"
haqu"";"5";"None"
ujihisa"";"22";"-8"
philogb"";"14";"-8"
einaros"";"19";"1"
shancarter"";"21";"-8"
TooTallNate"";"11";"-8"
unscriptable"";"15";"-5"
dragoonis"";"1";"0"
scottschiller"";"8";"-8"
justinlynn"";"17";"-8"
kyleve"";"9";"None"
adarsh"";"9";"-8"
ghusse"";"14";"1"
sirshurf"";"11";"None"
jessieay"";"15";"-8"
stefanodacchille"";"22";"1"
mojombo"";"22";"-8"
askoning"";"17";"1"
jjmata"";"14";"None"
tmatilai"";"5";"2"
adamwiggins"";"15";"-8"
jonobr1"";"17";"-8"
Candid"";"11";"None"
zzak"";"20";"-8"
stefanpenner"";"10";"-5"
pbakaus"";"12";"-8"
halfdan"";"0";"1"
lrsjng"";"17";"1"
nolman"";"8";"-8"
pmjones"";"13";"None"
simplethemes"";"21";"None"
Daxter"";"10";"None"
dmitryf"";"16";"None"
elskwid"";"23";"-8"
GaryJones"";"11";"0"
andymccurdy"";"10";"-8"
liquidx"";"5";"0"
dekimsey"";"14";"-6"
blakewatters"";"11";"-5"
johntyree"";"10";"-6"
ndbroadbent"";"1";"-8"
fredwu"";"9";"8"
ferrous26"";"16";"-5"
casademora"";"9";"-7"
bgrins"";"10";"-6"
jessicazurb"";"17";"None"
knu"";"19";"9"
narfbg"";"13";"2"
jordansissel"";"15";"-8"
knightdr"";"10";"-5"
ManuelKiessling"";"21";"1"
samaaron"";"22";"0"
lexandera"";"14";"1"
bobthecow"";"10";"None"
maccman"";"15";"-8"
hexid"";"14";"-7"
paulopmx"";"13";"8"
anthonytadina"";"14";"-8"
guille"";"8";"-8"
bebraw"";"21";"2"
Smartik89"";"9";"None"
jimjag"";"12";"None"
nornagon"";"23";"-8"
scrooloose"";"9";"0"
l3l0"";"8";"1"
JoelMarcey"";"13";"None"
diederich"";"9";"None"
jcobb"";"3";"None"
rgl"";"10";"0"
justindujardin"";"11";"-8"
bjeanes"";"10";"-8"
saschagehlich"";"13";"1"
bhollis"";"22";"-8"
tomaz"";"8";"1"
rudyrichter"";"18";"None"
burtlo"";"12";"-7"
robconery"";"9";"-10"
chriskempson"";"9";"0"
praeclarum"";"14";"-8"
cjohansen"";"23";"1"
MugunthKumar"";"15";"8"
muratayusuke"";"14";"9"
yields"";"2";"None"
meltingice"";"10";"-5"
cholmes"";"7";"None"
BourgerieQuentin"";"2";"None"
gabrielfalcao"";"11";"-5"
matej"";"11";"1"
tomafro"";"12";"0"
sindresorhus"";"0";"1"
MarkMYoung"";"14";"-5"
tomdale"";"17";"-8"
darkchaz"";"14";"None"
mattheworiordan"";"19";"0"
lamblin"";"13";"None"
piedar"";"16";"None"
valums"";"12";"None"
ijm"";"18";"None"
pmundkur"";"13";"None"
shin-"";"19";"1"
rogercampos"";"23";"1"
etrepum"";"11";"-8"
ptarjan"";"14";"-8"
marijnh"";"11";"1"
leehambley"";"10";"1"
leoner"";"16";"8"
fw42"";"16";"1"
DTrejo"";"16";"-8"
nateware"";"10";"-8"
xaizek"";"12";"None"
sqmk"";"21";"-8"
jterrace"";"21";"-8"
bfirsh"";"16";"0"
dschult"";"13";"None"
thedaniel"";"12";"-8"
kmike"";"1";"5"
ciaranj"";"14";"0"
Aaron1011"";"15";"-5"
sgrif"";"15";"-7"
ssafejava"";"20";"None"
RandomEtc"";"10";"-8"
erikwt"";"10";"1"
jarl-dk"";"13";"1"
unixmonkey"";"12";"-5"
timmywil"";"12";"-5"
tiff"";"15";"1"
Joachim31415"";"15";"0"
nsf"";"1";"5"
tom025"";"18";"0"
pgte"";"11";"0"
suskind"";"12";"None"
bradediger"";"14";"-6"
nst"";"13";"1"
Krinkle"";"0";"1"
peter-budo"";"18";"0"
richhickey"";"17";"-5"
sstephenson"";"12";"-6"
barttenbrinke"";"13";"1"
tblobaum"";"15";"-6"
notnoop"";"20";"-5"
fb55"";"15";"1"
Maks3w"";"9";"1"
lspcity"";"8";"None"
henriquemoody"";"13";"-3"
jaberg"";"17";"-5"
mttkay"";"18";"1"
repeatedly"";"18";"9"
int3"";"20";"-5"
lwright-sq"";"10";"10"
mkelly12"";"10";"-8"
bitwiseshiftleft"";"10";"None"
sgolemon"";"13";"-8"
eriwen"";"9";"-7"
erica"";"16";"-7"
Rip-Rip"";"7";"1"
colinmegill"";"0";"-8"
fdr"";"14";"None"
ericz"";"23";"-8"
michaelficarra"";"14";"-8"
danielmarbach"";"14";"None"
soyjavi"";"10";"1"
purcell"";"8";"0"
shadchin"";"16";"5"
flosse"";"17";"1"
chebee7i"";"12";"None"
chao"";"9";"8"
dongilbert"";"21";"-6"
fancyapps"";"15";"2"
tsteur"";"13";"None"
rymai"";"0";"1"
jnunemaker"";"16";"-5"
egorkhmelev"";"8";"3"
stepanhruda"";"11";"-5"
robin850"";"11";"1"
dagwieers"";"18";"1"
wildabeast"";"14";"-8"
samdunn"";"19";"-5"
manveru"";"19";"1"
leejarvis"";"8";"None"
saebekassebil"";"13";"1"
robertwijas"";"14";"1"
ryanb"";"20";"-5"
headjs"";"5";"None"
duhanebel"";"7";"None"
weslly"";"18";"-3"
nathangreenstein"";"17";"None"
derekjones"";"11";"None"
mereskin"";"21";"3"
siegfriedpammer"";"9";"None"
miguno"";"11";"1"
ashtom"";"17";"1"
karmi"";"18";"1"
qiao"";"14";"-8"
mjschranz"";"11";"-5"
probablycorey"";"8";"-8"
wvanbergen"";"11";"-5"
millermedeiros"";"12";"-3"
zwaldowski"";"12";"-5"
volmer"";"20";"-3"
wagenet"";"11";"-8"
zootreeves"";"2";"0"
perwendel"";"18";"1"
davidchambers"";"17";"-8"
naderman"";"17";"1"
bajtos"";"10";"1"
fiorix"";"10";"-5"
rstacruz"";"3";"8"
thermogl"";"11";"0"
bigtunacan"";"14";"None"
wincent"";"22";"-8"
mAiNiNfEcTiOn"";"14";"0"
felixge"";"10";"1"
felipeelias"";"15";"1"
tute"";"6";"None"
frsyuki"";"23";"-8"
joomla-jenkins"";"3";"None"
yourewelcome"";"13";"-5"
skivvies"";"10";"None"
getify"";"13";"-6"
assaf"";"9";"-8"
danmactough"";"0";"-5"
snkashis"";"11";"-5"
ccabot"";"17";"-5"
Shougo"";"12";"9"
nathanaelkane"";"9";"10"
fredhq"";"22";"-5"
icambron"";"15";"-5"
piwikteam"";"13";"None"
gekitz"";"11";"1"
danwrong"";"10";"-8"
vpulim"";"9";"-5"
mattrobenolt"";"23";"-8"
jedi4ever"";"11";"1"
twcamper"";"18";"-6"
ymendel"";"15";"None"
fernandezpablo85"";"19";"-3"
nirvdrum"";"10";"-5"
fikovnik"";"11";"1"
sehmaschine"";"14";"1"
madhums"";"23";"1"
smarek"";"21";"1"
jyurek"";"11";"-5"
scottkellum"";"9";"-5"
arsduo"";"11";"-6"
froh42"";"4";"None"
davidcoallier"";"14";"0"
ChrisMissal"";"22";"-6"
njakobsen"";"15";"-8"
kenjikobe"";"13";"9"
iolalde"";"3";"None"
solnic"";"11";"0"
dahlbyk"";"21";"-6"
ezkl"";"10";"-5"
jdalton"";"8";"None"
ioerror"";"12";"None"
bradbirdsall"";"0";"-8"
desandro"";"7";"-5"
wbond"";"9";"-5"
bergie"";"17";"1"
rdp"";"11";"-7"
davatron5000"";"9";"-6"
Seldaek"";"10";"1"
zefhemel"";"10";"1"
per-nilsson"";"22";"-8"
pedrocorreia"";"16";"0"
tgpfeiffer"";"7";"None"
daylerees"";"11";"0"
amalloy"";"13";"-8"
lucaong"";"19";"1"
amccollum"";"12";"None"
irrationalfab"";"16";"1"
hornairs"";"14";"-5"
gregschechter"";"14";"None"
doubleyou"";"12";"-8"
zombor"";"9";"-6"
louisstow"";"17";"-8"
victor-homyakov"";"5";"None"
jrgifford"";"16";"-5"
iangreenleaf"";"16";"-8"
floere"";"19";"10"
arnogues"";"12";"None"
cirosantilli"";"13";"1"
RaiMan"";"15";"1"
jskorpan"";"15";"1"
pfn"";"8";"-8"
samuraisam"";"11";"-8"
sorl"";"1";"1"
treyhunner"";"16";"-8"
sork"";"2";"1"
utahta"";"18";"9"
kumilingus"";"8";"None"
tilomitra"";"14";"-6"
nex3"";"17";"-8"
gabriel"";"14";"-8"
amatsuda"";"16";"9"
lepture"";"17";"8"
feross"";"23";"-8"
petehunt"";"10";"-8"
mbest"";"11";"-10"
mperham"";"20";"-8"
shawndavenport"";"12";"-6"
gildegoma"";"0";"1"
JamesKovacs"";"12";"-7"
pamelafox"";"11";"None"
manuelkiessling"";"21";"1"
mshibuya"";"12";"9"
billerickson"";"9";"-6"
spruce"";"14";"None"
iKreativ"";"13";"0"
mattab"";"18";"None"
milohuang"";"16";"None"
ragaskar"";"7";"-8"
hadley"";"15";"-6"
acmetech"";"14";"-5"
braddunbar"";"11";"-5"
tekkub"";"18";"-7"
donavon"";"12";"-5"
Lukasa"";"9";"0"
trishume"";"16";"-5"
commonsguy"";"10";"None"
sunny"";"14";"1"
shnhrrsn"";"12";"-5"
nicolasff"";"17";"0"
hightman"";"15";"8"
antialize"";"17";"1"
stevengill"";"15";"-8"
adoxa"";"7";"None"
paulmillr"";"23";"2"
lsbardel"";"7";"0"
straps"";"12";"1"
johannilsson"";"16";"1"
jbrooksuk"";"9";"0"
alloy"";"11";"1"
savetheclocktower"";"16";"-6"
mason-larobina"";"1";"10"
georgedorn"";"20";"None"
sdmix"";"0";"0"
vmg"";"18";"1"
quirkey"";"17";"-5"
schmittjoh"";"2";"None"
daneden"";"12";"-8"
romainguy"";"23";"None"
jsierles"";"15";"1"
wbotelhos"";"0";"-3"
eduardolundgren"";"15";"-4"
jvashishtha"";"13";"-8"
tsi"";"0";"2"
rafibomb"";"11";"None"
flyerhzm"";"0";"8"
benbrown"";"21";"-6"
brianteeman"";"10";"None"
avit"";"15";"-8"
andytlr"";"11";"10"
auchenberg"";"23";"1"
meleyal"";"16";"1"
mjibson"";"3";"-5"
ezyang"";"15";"-8"
defunctzombie"";"10";"-5"
ebensing"";"14";"-5"
trisweb"";"11";"-5"
jamesaanderson"";"16";"-8"
jimweirich"";"17";"-5"
amenonsen"";"8";"None"
gjohnson"";"15";"-5"
benoitc"";"10";"1"
bradfitz"";"11";"-8"
afeinberg"";"1";"-8"
billf"";"10";"-8"
kstenerud"";"9";"-8"
akv2"";"11";"-5"
glasser"";"16";"-8"
drodriguez"";"0";"1"
koenpunt"";"10";"1"
kylejginavan"";"7";"-6"
hoisie"";"8";"-8"
stephenplusplus"";"11";"-5"
paulhammond"";"16";"-8"
britto"";"20";"-3"
cstigler"";"13";"-8"
nicolasgramlich"";"19";"-8"
KuraFire"";"11";"-8"
docteurklein"";"9";"1"
petejkim"";"19";"-8"
nikic"";"15";"1"
dennisreimann"";"22";"1"
jmathai"";"16";"-8"
Nilos"";"4";"None"
hochang"";"14";"None"
jtsternberg"";"10";"-5"
tibbe"";"1";"1"
percysnoodle"";"1";"None"
stevegury"";"9";"-8"
alxlit"";"18";"None"
qur"";"13";"None"
lizzie"";"16";"8"
oampo"";"10";"0"
yawnt"";"9";"None"
scottgonzalez"";"13";"-5"
masonforest"";"13";"-8"
techlivezheng"";"18";"8"
wibiti"";"22";"None"
domchristie"";"10";"0"
ralphschindler"";"11";"-6"
PedroLamas"";"23";"0"
ConradIrwin"";"0";"-8"
lancee"";"2";"8"
makeusabrew"";"9";"0"
pcreux"";"2";"-8"
condemil"";"23";"3"
0xced"";"23";"1"
cedricss"";"14";"1"
evanw"";"16";"None"
onebit"";"14";"-8"
drbrain"";"14";"-8"
s3u"";"11";"None"
joaosa"";"8";"None"
pkyeck"";"10";"1"
bjorn"";"22";"1"
Silex"";"2";"None"
n8fr8"";"23";"-5"
lojjic"";"15";"-7"
sipa"";"16";"None"
iamstevemckinney"";"14";"None"
mgravell"";"11";"0"
padolsey"";"22";"0"
tonymillion"";"14";"0"
gmarik"";"14";"-6"
sblom"";"11";"-8"
eyeseast"";"11";"-5"
dduponchel"";"21";"1"
cyu"";"10";"-5"
milewise"";"16";"-5"
codebutler"";"17";"-8"
argon"";"23";"0"
mattdipasquale"";"10";"-6"
cunnie"";"18";"-8"
yuedong2"";"13";"None"
DASPRiD"";"15";"1"
starwed"";"13";"None"
ben"";"13";"-8"
honcheng"";"18";"8"
adarshpandit"";"15";"None"
trybeee"";"9";"None"
macdonst"";"7";"None"
FotoVerite"";"12";"-5"
ebryn"";"14";"-6"
samcollins"";"15";"0"
trentm"";"11";"-8"
fehguy"";"9";"-8"
StefanH"";"0";"None"
sinzone"";"17";"-8"
gnpfonseca"";"9";"None"
sorenmacbeth"";"11";"-8"
jehiah"";"21";"-5"
umbrae"";"21";"-5"
straup"";"8";"-5"
jgdavey"";"21";"-6"
ddebin"";"11";"1"
parkr"";"17";"-5"
heff"";"11";"-8"
mneorr"";"11";"-8"
kemayo"";"11";"-6"
tomasr"";"22";"-5"
simpkins"";"17";"None"
peterbo"";"16";"1"
malclocke"";"0";"None"
peterbe"";"9";"-8"
danzel"";"10";"12"
rgrove"";"10";"-8"
briancavalier"";"6";"None"
DasIch"";"16";"1"
robhudson"";"16";"-8"
emsquared"";"16";"None"
norcross"";"10";"-5"
sarabander"";"14";"None"
jcasimir"";"8";"-7"
Darsain"";"22";"1"
mattbaker"";"10";"-6"
mclarkson"";"12";"0"
jviereck"";"12";"None"
ChrisMcKee"";"22";"0"
passy"";"22";"0"
jaredatch"";"23";"-6"
ariejan"";"14";"1"
twalpole"";"10";"-8"
lloyd"";"1";"2"
svnlto"";"15";"0"
Stuk"";"11";"-8"
swizzlr"";"10";"None"
alekseyn"";"12";"-8"
feisuzhu"";"7";"None"
cpytel"";"22";"-5"
jeromegn"";"10";"-5"
avar"";"15";"1"
georgeguimaraes"";"18";"-3"
atmos"";"12";"-8"
toji"";"10";"-8"
Zeelot"";"23";"-8"
popomore"";"17";"8"
ritch"";"11";"-8"
lokesh"";"22";"-8"
gfontenot"";"10";"-5"
bioothod"";"11";"None"
yinwang0"";"0";"-8"
niklasvh"";"20";"2"
jcreamer898"";"8";"None"
willdurand"";"9";"1"
saschagoebel"";"14";"1"
pferdefleisch"";"12";"1"
rtfb"";"21";"2"
theturtle32"";"17";"-8"
thiagolocatelli"";"17";"None"
jfirebaugh"";"15";"-8"
JacksonTian"";"11";"8"
erikfrey"";"13";"-8"
retlehs"";"11";"-6"
drublic"";"23";"1"
rtyley"";"23";"0"
davispuh"";"18";"2"
npostavs"";"20";"None"
jayli"";"16";"8"
Inori"";"9";"2"
btd"";"15";"3"
RichiH"";"16";"None"
NSinopoli"";"20";"-5"
bitemyapp"";"13";"-6"
zurbrandon"";"14";"-8"
maddox"";"14";"-5"
dbanck"";"1";"1"
BonsaiDen"";"22";"1"
zk00006"";"4";"None"
wpreul"";"9";"None"
jacobvosmaer"";"7";"None"
jferris"";"10";"-5"
jaubourg"";"16";"1"
toastdriven"";"17";"-6"
feltnerm"";"9";"-6"
oxtoacart"";"8";"None"
ttezel"";"13";"None"
benjaminoakes"";"21";"-6"
Sirupsen"";"12";"-5"
Reefaq"";"22";"None"
ynie"";"11";"-8"
Blackshawk"";"14";"-8"
injekt"";"5";"None"
flazz"";"21";"-6"
evocateur"";"10";"-8"
rafaelfranca"";"12";"-3"
cvrebert"";"11";"-8"
jdc0589"";"19";"None"
themattharris"";"16";"-8"
pivotalcommon"";"14";"None"
krallin"";"7";"None"
robflaherty"";"9";"-5"
harism"";"0";"0"
jvoegele"";"11";"-5"
nicholasserra"";"14";"-5"
plamoni"";"10";"-8"
nesquena"";"0";"-8"
ajpiano"";"10";"None"
inuyaksa"";"14";"None"
davetayls"";"9";"0"
timheuer"";"8";"-8"
chriscoyier"";"13";"-6"
seanmonstar"";"11";"-8"
wookiehangover"";"23";"-7"
futuretap"";"10";"1"
joewalnes"";"9";"-6"
paulasmuth"";"16";"0"
jokkedk"";"3";"None"
paroski"";"15";"None"
gep13"";"12";"None"
schacon"";"21";"-8"
erichkist"";"20";"-3"
barneywilliams"";"10";"-5"
Pomax"";"13";"-6"
sydlawrence"";"16";"0"
disy-mk"";"12";"None"
davidhellsing"";"15";"1"
bwalex"";"6";"0"
tomykaira"";"2";"None"
coxp"";"14";"0"
mtdowling"";"13";"-8"
juthilo"";"23";"1"
AlexanderWillner"";"5";"None"
nathanvda"";"14";"1"
jonschlinkert"";"16";"-5"
mahemoff"";"10";"0"
colszowka"";"14";"1"
sdsykes"";"12";"None"
escoz"";"17";"-6"
rodneyrehm"";"11";"1"
alrra"";"22";"2"
weixiyen"";"17";"-8"
Diablo-D3"";"14";"-5"
adactio"";"14";"0"
sebastien"";"9";"-5"
brixen"";"19";"-6"
vinniefalco"";"15";"-8"
andymatuschak"";"8";"None"
krainboltgreene"";"22";"-6"
carvajaldiazeduar"";"1";"-5"
deadprogram"";"17";"-8"
robbyrussell"";"23";"-8"
mobywhale-chan"";"3";"None"
dallonf"";"8";"-7"
rtomayko"";"12";"-8"
bnickel"";"22";"None"
kylef"";"17";"0"
kylefox"";"22";"-7"
jugglinmike"";"15";"None"
carlo-rtr"";"13";"None"
timaschew"";"8";"None"
unity"";"16";"-5"
pritamdamania"";"11";"None"
pfiller"";"17";"-5"
crcn"";"16";"-8"
toadkicker"";"14";"None"
Raven24"";"23";"1"
bcardarella"";"16";"-5"
darkxst"";"14";"None"
ianrenton"";"21";"0"
mattwildig"";"15";"None"
cubiq"";"17";"1"
swilliams-vmw"";"1";"None"
srobbin"";"10";"-6"
jkudish"";"9";"-8"
marcphilipp"";"22";"1"
kristianmandrup"";"16";"1"
richrines"";"13";"-8"
philc"";"23";"-8"
tbranyen"";"23";"-5"
poeschko"";"6";"1"
danzajdband"";"17";"-3"
seanlinsley"";"15";"-6"
bpmarkowitz"";"20";"-5"
lest"";"11";"2"
dazuma"";"17";"-8"
cloudhead"";"14";"1"
mccalltd"";"12";"-7"
mariomc"";"17";"0"
smari"";"3";"None"
coopernurse"";"7";"-8"
manusajith"";"1";"None"
tjanczuk"";"13";"-8"
yusukekamiyamane"";"3";"None"
chriskacerguis"";"13";"None"
ZaBlanc"";"13";"-7"
onyxfish"";"10";"-6"
bbinet"";"7";"None"
gregmalcolm"";"20";"-5"
kriszyp"";"13";"-7"
mataspetrikas"";"16";"1"
plapier"";"16";"-5"
metacret"";"10";"-8"
rochal"";"10";"10"
tjschuck"";"11";"-5"
stloyd"";"10";"1"
rywall"";"15";"-8"
Dignifiedquire"";"20";"1"
jamieoliver"";"17";"0"
NateLillich"";"12";"-8"
mreinstein"";"16";"-8"
0xfe"";"5";"None"
arcresu"";"12";"10"
mceachen"";"22";"None"
Eugeny"";"14";"2"
xaviershay"";"14";"10"
mystcolor"";"8";"None"
rdworth"";"9";"-6"
pivotalprivate"";"8";"None"
RJ"";"11";"0"
elcuervo"";"16";"-3"
nathan7"";"20";"1"
jacopotarantino"";"13";"None"
kukulich"";"22";"1"
ryanseddon"";"10";"10"
tswicegood"";"16";"-6"
caseyjhol"";"15";"None"
jeremy"";"17";"-7"
akrabat"";"21";"0"
leah"";"13";"-8"
nathanborror"";"23";"-8"
sixohsix"";"22";"1"
jeffarena"";"14";"None"
dosiecki"";"15";"None"
calebd"";"15";"-8"
msiniscalchi"";"16";"None"
tml"";"22";"None"
dch"";"23";"1"
justmoon"";"20";"1"
andrielfn"";"0";"-3"
rcillo"";"20";"None"
rasmusbergpalm"";"0";"None"
dreamingofelectricsheep"";"11";"None"
bkardell"";"22";"-5"
lakshmivyas"";"8";"None"
ishbu"";"15";"None"
ashb"";"10";"0"
jdevera"";"23";"1"
karlfreeman"";"9";"0"
myusuf3"";"13";"-5"
ryanfitz"";"15";"-5"
cmwinters"";"11";"None"
jfelchner"";"15";"-6"
liruqi"";"17";"8"
joelmoss"";"15";"0"
blundell"";"11";"0"
carsomyr"";"20";"-5"
tellnes"";"15";"1"
broofa"";"10";"-8"
davist11"";"14";"-5"
lahosken"";"9";"-8"
briancherne"";"6";"None"
cantino"";"13";"-8"
badosu"";"19";"-3"
dresende"";"23";"0"
philippkumar"";"15";"1"
petergoldstein"";"9";"-8"
travisjeffery"";"22";"-6"
robert-hoffmann"";"13";"1"
zenorocha"";"14";"-4"
shayfrendt"";"17";"-5"
thest1"";"9";"5"
nylen"";"14";"-6"
piscisaureus"";"19";"1"
joshuajnoble"";"11";"None"
guillermooo"";"23";"1"
0ip"";"16";"1"
adamwulf"";"13";"-6"
dr-nafanya"";"14";"None"
nathanmarz"";"14";"-8"
hbons"";"12";"0"
ryankee"";"9";"-8"
substack"";"23";"-8"
rmccue"";"13";"0"
drewnoakes"";"17";"0"
canarymason"";"10";"-5"
ericmmartin"";"9";"-8"
alokzurb"";"15";"None"
aterrien"";"23";"1"
mtigas"";"14";"-5"
Sonkun"";"8";"1"
isaacs"";"10";"-8"
mardambey"";"23";"-5"
ptwobrussell"";"20";"-6"
isagalaev"";"23";"-8"
miketheman"";"12";"-5"
mrmartineau"";"10";"0"
izuzak"";"15";"1"
eric"";"13";"-8"
jreese"";"10";"-8"
drewsymo"";"21";"10"
rickharrison"";"15";"-8"
simsalabim"";"9";"-6"
benschwarz"";"19";"10"
bmabey"";"10";"-7"
booo"";"12";"1"
adamzap"";"0";"-6"
timsu"";"13";"-8"
xonecas"";"16";"-8"
freegenie"";"15";"1"
henrikhodne"";"13";"-6"
alibby251"";"12";"None"
revans"";"9";"-8"
klaustopher"";"21";"1"
cherbst-medidata"";"15";"None"
sickill"";"23";"1"
malsup"";"7";"None"
thilko"";"21";"1"
philips"";"11";"-8"
dickwall"";"7";"None"
pdfjsbot"";"11";"None"
romanvbabenko"";"1";"2"
hns"";"16";"1"
paulrouget"";"8";"None"
cgriego"";"11";"-6"
carlosantoniodasilva"";"10";"-3"
tkirda"";"10";"-6"
